"Name","Price","Image","Screen","CPU","RAM","Graphics","OS","Weight","Link"
"HP 15-da0107TU/Celeron N4000","6.190.000₫","https://images.fpt.shop/unsafe/fit-in/240x215/filters:quality(90):fill(white)/cdn.fptshop.com.vn/Uploads/Originals/2017/9/15/636410683569855871_HP-15-bs559TU.png","15.6 inchs HD SVA BrightView WLED-backlit","Intel Celeron N4000","4 GB DDR4 2400 MHz","Intel® HD Graphics 600 Shared","Windows 10 Home SL","1.77 Kg","https://fptshop.com.vn//may-tinh-xach-tay/hp-15-da0107tu-celeron-n4000"
"HP 15-da0037TX/i3 7020U","10.990.000₫","https://images.fpt.shop/unsafe/fit-in/240x215/filters:quality(90):fill(white)/cdn.fptshop.com.vn/Uploads/Originals/2017/8/8/636378032368806847_HP-15-bs637TX.png","15.6 inchs  HD BrightView WLED-backlit","Intel Core i3 7020U","4 GB DDR4 2133 MHz","NVIDIA® GeForce® MX110 2 GB","Windows 10 Home Single Language 64","1.77 Kg","https://fptshop.com.vn//may-tinh-xach-tay/hp-15-da0037tx-i3-7020U"
"HP Pavilion X360 11-ad104TU","13.490.000₫","https://images.fpt.shop/unsafe/fit-in/240x215/filters:quality(90):fill(white)/cdn.fptshop.com.vn/Uploads/Originals/2017/8/21/636389290028082271_1o.jpg","11.6 inchs HD Touch","Intel Core i3 8130U","4 GB DDR4 2133 MHz","Intel® HD Graphics 620 Share","Windows 10 Home SL","1.4 Kg","https://fptshop.com.vn//may-tinh-xach-tay/hp-pavilion-x360-11-ad104tu"
"HP Pavilion x360 14-cd0082TU/i3-8130U","13.490.000₫","https://images.fpt.shop/unsafe/fit-in/240x215/filters:quality(90):fill(white)/cdn.fptshop.com.vn/Uploads/Originals/2017/8/14/636383202372532155_HP-Pavilion-x360-14-ba066TU.png","14.0 inchs HD SVA micro-edge WLED-backlit","Intel Core™ i3 8130U","4 GB DDR4 2400 MHz","Intel® UHD Graphics 620 Shared","Windows 10 Home Single Language 64","1.59 Kg","https://fptshop.com.vn//may-tinh-xach-tay/hp-pavilion-x360-14-cd0082tu-i3-8130u"
"Lenovo Ideapad 330-15IKB 81DC00ENVN","9.990.000₫","https://images.fpt.shop/unsafe/fit-in/240x215/filters:quality(90):fill(white)/cdn.fptshop.com.vn/Uploads/Originals/2018/8/15/636699244300754504_Lenovo-330-15.png","15.6 inchs HD LED","Intel Core i3 7130U ","4 GB DDR4 2133 MHz","Intel® HD Graphics 620 Shared","Windows 10 Home ","1.8 Kg","https://fptshop.com.vn//may-tinh-xach-tay/lenovo-ideapad-330-15ikb-81dc00envn"
"Lenovo Ideapad 320-14ISK 80XG009TVN","8.490.000₫","https://images.fpt.shop/unsafe/fit-in/240x215/filters:quality(90):fill(white)/cdn.fptshop.com.vn/Uploads/Originals/2017/11/22/636469406353762713_lenovo-320.png","14.0 inchs HD","Intel Core i3 6006U","4GB DDR4 2133 MHz"," Intel® HD Graphics 520 Shared","FreeDOS","1.8 Kg","https://fptshop.com.vn//may-tinh-xach-tay/lenovo-ideapad-320-14isk-80xg009tvn"
"Lenovo Legion Y530-15ICH","22.990.000₫","https://images.fpt.shop/unsafe/fit-in/240x215/filters:quality(90):fill(white)/cdn.fptshop.com.vn/Uploads/Originals/2018/10/23/636758927053148848_res_f0a91de84653a454426384a8bfd7dfcb_full.jpg","15.6 inchs FullHD IPS","Intel Core i5 8300H ","8 GB DDR4 2666 MHz","NVIDIA® GEFORCE® GTX 1050 4 GB GDDR5","Ubuntu","2.30 Kg","https://fptshop.com.vn//may-tinh-xach-tay/lenovo-legion-y530-15ich"
"Lenovo Legion Y530-15ICH/Core i7-8750H/8GB/1TB+128GB SSD/GTX 1050 4GB/81FV00SUVN","24.990.000₫","https://images.fpt.shop/unsafe/fit-in/240x215/filters:quality(90):fill(white)/cdn.fptshop.com.vn/Uploads/Originals/2018/10/23/636758927053148848_res_f0a91de84653a454426384a8bfd7dfcb_full.jpg","15.6 inches FHD LED","Intel Core i7 8750H","8 GB DDR4 2666 MHz","NVIDIA® GeForce® GTX 1050 4 GB GDDR5","FreeDOS","2.20 Kg","https://fptshop.com.vn//may-tinh-xach-tay/lenovo-legion-y530-15ich-core-i7-8750h-8gb-1tb-128gb-ssd-gtx-1050ti-4gb-81fv00suvn"
"Lenovo Ideapad 320-14ISK/ Windows 10","9.690.000₫","https://images.fpt.shop/unsafe/fit-in/240x215/filters:quality(90):fill(white)/cdn.fptshop.com.vn/Uploads/Originals/2017/11/22/636469406353762713_lenovo-320.png","14 inchs  Full HD","intel Core i3 6006U","4 GB DDR4 2133 MHz","Intel HD Graphics Share","Windows 10 HOME EM","2.1 Kg","https://fptshop.com.vn//may-tinh-xach-tay/lenovo-ideapad-320-14isk-windows-10"
"HP 15-da0051TU/Core i3-7020U","9.990.000₫","https://images.fpt.shop/unsafe/fit-in/240x215/filters:quality(90):fill(white)/cdn.fptshop.com.vn/Uploads/Originals/2017/9/15/636410683569855871_HP-15-bs559TU.png","15.6 inches   SVA BrightView WLED-backlit","intel Core i3 7020U","4 GB DDR4 2133 MHz","Intel® UHD Graphics Shared","Windows 10 Home Single Language 64","1.77 Kg","https://fptshop.com.vn//may-tinh-xach-tay/hp-15-da0051tu-core-i3-7020u"
"HP Pavilion 14-ce0027TU","12.490.000₫","https://images.fpt.shop/unsafe/fit-in/240x215/filters:quality(90):fill(white)/cdn.fptshop.com.vn/Uploads/Originals/2017/8/8/636378051749718059_HP-Pavilion-14-bf014TU.png","14.0 inchs Viền màn hình mỏng, WLED, LED Backlit","Intel® Core i3 8130U","4 GB DDR4 2133 MHz","Intel® HD Graphics 620 Share","Windows 10 Home SL","1.53 Kg","https://fptshop.com.vn//may-tinh-xach-tay/hp-pavilion-14-ce0027tu"
"HP Pavilion 14-ce0031TU","14.990.000₫","https://images.fpt.shop/unsafe/fit-in/240x215/filters:quality(90):fill(white)/cdn.fptshop.com.vn/Uploads/Originals/2018/8/17/636700896982860818_HASP LAPTOP HP 14 CE0031TU-8.jpg","14.0 inchs  IPS BrightView micro-edge WLED-backlit","intel Core i5 8250U ","4 GB DDR4 2400 MHz","Intel® UHD Graphics 620 Shared","Windows 10 Home Single Language 64","1.59 Kg","https://fptshop.com.vn//may-tinh-xach-tay/hp-pavilion-14-ce0031tu-core-i5-8250u"
"HP Pavilion 14-ce0024TU","14.990.000₫","https://images.fpt.shop/unsafe/fit-in/240x215/filters:quality(90):fill(white)/cdn.fptshop.com.vn/Uploads/Originals/2017/8/8/636378051749718059_HP-Pavilion-14-bf014TU.png","14.0 inchs IPS BrightView micro-edge WLED-backlit","Intel Core i5 8250U ","4 GB DDR4 2400 MHz","Intel® UHD Graphics 620 Shared","Windows 10 Home Single Language 64","1.59 Kg","https://fptshop.com.vn//may-tinh-xach-tay/HP-Pavilion-14-ce0024TU"
"HP Envy 13-ah0026TU","21.990.000₫","https://images.fpt.shop/unsafe/fit-in/240x215/filters:quality(90):fill(white)/cdn.fptshop.com.vn/Uploads/Originals/2017/8/16/636384743489659561_HP-Envy-13-ad076TU.png","13.3 inchs FHD IPS BrightView micro-edge WLED-backlit","Intel Core i5 8250U","8 GB LPDDR3 2133 MHz","Intel® UHD Graphics 620 Shared","Windows 10 Home","1.21 Kg","https://fptshop.com.vn//may-tinh-xach-tay/HP-Envy-13-ah0026TU"
"HP Pavilion Power 15-cx0179TX/i5-8300H","23.990.000₫","https://images.fpt.shop/unsafe/fit-in/240x215/filters:quality(90):fill(white)/cdn.fptshop.com.vn/Uploads/Originals/2018/9/25/636734642094083127_HP Power Game 15.png","15.6 inchs UWVA","IIntel® Core i5 8300H","8 GB DDR4 2666 MHz","NVIDIA GEFORCE GTX 1050 4 GB","Windows 10 Home SL","2.17 Kg","https://fptshop.com.vn//may-tinh-xach-tay/hp-pavilion-power-15-cx0179txi5-8300h"
"HP Envy 13-ah0027TU/Core i7-8550U","26.490.000₫","https://images.fpt.shop/unsafe/fit-in/240x215/filters:quality(90):fill(white)/cdn.fptshop.com.vn/Uploads/Originals/2017/8/16/636384743489659561_HP-Envy-13-ad076TU.png","13.3 inchs FHD IPS BrightView micro-edge WLED-backlit","Intel Core i7 8550U","8 GB LPDDR3 2400 MHz","Intel® UHD Graphics 620 Shared","Windows 10 Home","1.22 Kg","https://fptshop.com.vn//may-tinh-xach-tay/HP-Envy-13-ah0027TUCore-i7-8550U"
"HP Pavilion 14-ce1014TU/Core i3-8145U/4GB/500GB/WIN10","12.990.000₫","https://images.fpt.shop/unsafe/fit-in/240x215/filters:quality(90):fill(white)/cdn.fptshop.com.vn/Uploads/Originals/2017/8/8/636378051749718059_HP-Pavilion-14-bf014TU.png","14.0 inchs LED Backlit","Intel Core i3 8145U","4 GB DDR4 2400 MHz","Intel® HD Graphics 600 Shared ","Windows 10 Home SL 64","1,53kg","https://fptshop.com.vn//may-tinh-xach-tay/hp-pavilion-14-ce1014tu-core-i3-8145u"
"HP Pavilion 14-ce1008TU/Core i5-8265U/4GB/1TB/14.0FHD/WIN10","15.290.000₫","https://images.fpt.shop/unsafe/fit-in/240x215/filters:quality(90):fill(white)/cdn.fptshop.com.vn/Uploads/Originals/2018/11/28/636789952813002312_HP-Pavilion-14-ce1008TU.png","14.0 inchs LED Backlit","Intel Core i5 8265U","4 GB DDR4 2400 MHz","intel Shared ","Windows 10 Home","1.6 kg","https://fptshop.com.vn//may-tinh-xach-tay/hp-pavilion-14-ce1008tu-core-i5-8265u"
"HP Pavilion 15-cs1045TX/i5-8265U/4GB/1TB/15.6FHD/MX130 2GB/WIN10","16.290.000₫","https://images.fpt.shop/unsafe/fit-in/240x215/filters:quality(90):fill(white)/cdn.fptshop.com.vn/Uploads/Originals/2018/11/25/636787542889551288_HP-Pavilion-15-cs1045TX.png","15.6 inchs LED Backlit","Intel Core i5 8265U","4 GB DDR4 2666 MHz","NVIDIA GeForce MX130 2 GB","Windows 10 Home SL 64","1.874 kg","https://fptshop.com.vn//may-tinh-xach-tay/hp-pavilion-15-cs1045tx-i5-8265u"
"Lenovo Ideapad 330S-14IKBR","12.990.000₫","https://images.fpt.shop/unsafe/fit-in/240x215/filters:quality(90):fill(white)/cdn.fptshop.com.vn/Uploads/Originals/2019/2/27/636868629264737301_lenovo-ideapad-330s-daidien-2.png","14.0 inchs FullHD IPS","Intel Kaby Lake R Core i5-8250U","4 GB DDR4 2400 MHz","Intel® UHD Graphics 620 Shared","Windows 10 Home","1.67 Kg","https://fptshop.com.vn//may-tinh-xach-tay/lenovo-ideapad-330s-14ikbr"
"Lenovo Ideapad 330S-14IKB 81F400NMVN","10.990.000₫","https://images.fpt.shop/unsafe/fit-in/240x215/filters:quality(90):fill(white)/cdn.fptshop.com.vn/Uploads/Originals/2019/2/27/636868629264737301_lenovo-ideapad-330s-daidien-2.png","14.0 inchs FullHD IPS ","Intel Kaby Lake R Core i3-7020U","4 GB DDR4 2133 MHz","Intel® UHD Graphics 620 Shared","Windows 10 Home","1.67 Kg","https://fptshop.com.vn//may-tinh-xach-tay/lenovo-Ideapad-330s-14ikb-81f400nmvn"
"Lenovo Yoga 520-14IKB i3-7130U","11.990.000₫","https://images.fpt.shop/unsafe/fit-in/240x215/filters:quality(90):fill(white)/cdn.fptshop.com.vn/Uploads/Originals/2017/10/24/636444590671126608_1o.png","14 inchs FHD, Touch screen","Intel core i3 7130U","4 GB DDR4 2400 MHz","Intel HD Graphics 620 Shared","Win 10 Home","1.78 Kg","https://fptshop.com.vn//may-tinh-xach-tay/Lenovo-Yoga-520-14IKB-i3-7130U"
"Lenovo ThinkPad E570","15.990.000₫","https://images.fpt.shop/unsafe/fit-in/240x215/filters:quality(90):fill(white)/cdn.fptshop.com.vn/Uploads/Originals/2017/7/26/636366639106484424_Lenovo-ThinkPad-E570.png","15.6 inch  Anti-Glare LED-Backlit Display","Intel Core i5 7200U","4 GB DDR4 2133 MHz","NVIDIA Geforce 940M (2G) 2 GB","Windows 10 Single Language Home","2.30 Kg","https://fptshop.com.vn//may-tinh-xach-tay/lenovo-thinkpad-e570"
"Lenovo Ideapad 330-14IKBR","10.990.000₫","https://images.fpt.shop/unsafe/fit-in/240x215/filters:quality(90):fill(white)/cdn.fptshop.com.vn/Uploads/Originals/2018/8/1/636687395218517725_Lenovo-330-onyx-black.png","14.0 inchs HD LED","Intel Kaby Lake R Core i5-8250U","4 GB DDR4 2133 MHz","Intel® UHD Graphics 620 Shared","Windows 10 Home","2.10 Kg","https://fptshop.com.vn//may-tinh-xach-tay/lenovo-ideapad-330-14ikbr"
"HP Envy 13-ah1011TU/Core i5-8265U/8GB/256GB SSD/13.3FHD/WIN10","22.490.000₫","https://images.fpt.shop/unsafe/fit-in/240x215/filters:quality(90):fill(white)/cdn.fptshop.com.vn/Uploads/Originals/2018/11/28/636789966129956048_HP-Envy-13-ah1011TU.png","13.3 inchs LED Backlit","Intel Core i5 8265U","8 GB DDR3L 2133 MHz","intel Shared ","Windows 10 Home","1.21 kg","https://fptshop.com.vn//may-tinh-xach-tay/hp-envy-13-ah1011tu-core-i5-8265u"
"IdeaPad 320- 14ISK/Core i3-6006U/Win 10","9.190.000₫","https://images.fpt.shop/unsafe/fit-in/240x215/filters:quality(90):fill(white)/cdn.fptshop.com.vn/Uploads/Originals/2017/11/22/636469406353762713_lenovo-320.png","14.0 inchs Anti - Glare","Intel Core i3 6006U","4 GB DDR4 2133 MHz","Intel® HD Graphics 520 Không","Windows 10 Home SL 64","2.1 kg","https://fptshop.com.vn//may-tinh-xach-tay/ideapad-320--14isk-core-i3-6006u-win-10"
"IdeaPad 330-15IKB/Core i3-8130U/1TB+16Gb Optane/Win 10","11.490.000₫","https://images.fpt.shop/unsafe/fit-in/240x215/filters:quality(90):fill(white)/cdn.fptshop.com.vn/Uploads/Originals/2018/8/15/636699244300754504_Lenovo-330-15.png","15.6 inchs Anti - Glare","Intel Core i3 8130U","4 GB DDR4 2133 MHz","Intel® HD Graphics 620 Không","Windows 10 Home SL 64","2.2 kg","https://fptshop.com.vn//may-tinh-xach-tay/ideapad-330-15ikb-core-i3-8130u"
"Ideapad 330s-14IKB/Core i3-8130/4Gb/256Gb/Win 10","11.790.000₫","https://images.fpt.shop/unsafe/fit-in/240x215/filters:quality(90):fill(white)/cdn.fptshop.com.vn/Uploads/Originals/2018/8/23/636706252120540720_lenovo_81f500bsus_330s_i3_8130u_16gb_1tb_1401775.jpg","14.0 inchs IPS FHD","Intel Core i3 8130U","4 GB DDR4 2666 MHz","Intel® UHD Graphics 620 Shared ","Windows 10 Home","1.67 kg (3.68 lb)","https://fptshop.com.vn//may-tinh-xach-tay/ideapad-330s-14ikb-core-i3-8130"
"Lenovo IdeaPad 310-14ISK","10.690.000₫","https://images.fpt.shop/unsafe/fit-in/240x215/filters:quality(90):fill(white)/cdn.fptshop.com.vn/Uploads/Originals/2016/12/9/636168907160619682_Lenovo-IdeaPad-310-14ISK-1.jpg","14 inch Full HD"," Intel Core i5 6200U","4 GB DDR4 2133 MHz","Intel HD Graphics 520 Share"," Free DOS","1.9 Kg","https://fptshop.com.vn//may-tinh-xach-tay/lenovo-ideapad-310-14isk-core-i5"
"HP ENVY X360 13-AG0046AU/R7-2700U/8GB/256G SSD/WIN10","26.890.000₫","https://images.fpt.shop/unsafe/fit-in/240x215/filters:quality(90):fill(white)/cdn.fptshop.com.vn/Uploads/Originals/2019/3/16/636883229387998380_hp-envy-x360-13-ag0046au-r7-dd.png","13.3 inchs FHD Touch","AMD Ryzen™ 7 2700U 7200U","8 GB DDR4 2400 MHz","Radeon™ RX Vega 10 Graphics 2 GB","Windows 10 Home","1.30 kg ","https://fptshop.com.vn//may-tinh-xach-tay/hp-envy-x360-13-ag0046au-r7-2700u-8gb"
"HP Pavilion 15-cs0104TX/i7-8550U","19.990.000₫","https://images.fpt.shop/unsafe/fit-in/240x215/filters:quality(90):fill(white)/cdn.fptshop.com.vn/Uploads/Originals/2017/8/14/636383166870981625_HP-Pavilion-15-cc045TX.png","15.6 inchs FHD SVA Anti-glare WLED-backlit","Intel Core™ i7 8550U","4 GB  DDR4 2400 MHz","NVIDIA GeForce MX130 2 GB","Windows 10 Home Single Language 64-Bit ","1.86 Kg","https://fptshop.com.vn//may-tinh-xach-tay/hp-pavilion-15-cs0104tx-i7-8550u"
"HP Envy 13-ah1011TU/Core i5-8265U/8GB/256GB SSD/13.3FHD/WIN10","22.490.000₫","https://images.fpt.shop/unsafe/fit-in/240x215/filters:quality(90):fill(white)/cdn.fptshop.com.vn/Uploads/Originals/2018/11/28/636789966129956048_HP-Envy-13-ah1011TU.png","13.3 inchs LED Backlit","Intel Core i5 8265U","8 GB DDR3L 2133 MHz","intel Shared ","Windows 10 Home","1.21 kg","https://fptshop.com.vn//may-tinh-xach-tay/hp-envy-13-ah1011tu-core-i5-8265u"
"HP Pavilion 15-cs0016TU","12.990.000₫","https://images.fpt.shop/unsafe/fit-in/240x215/filters:quality(90):fill(white)/cdn.fptshop.com.vn/Uploads/Originals/2017/8/14/636383166870981625_HP-Pavilion-15-cc045TX.png","15.6 inchs FHD WLED-backlit","Intel Core i3 8130U","4 GB DDR4 2666 MHz","Intel UHD Graphics 620 Shared","Windows 10 Home Single Language 64-Bit","2.10 Kg","https://fptshop.com.vn//may-tinh-xach-tay/hp-pavilion-15-cs0016tu"
"HP Pavilion x360 14-ba062TU","11.990.000₫","https://images.fpt.shop/unsafe/fit-in/240x215/filters:quality(90):fill(white)/cdn.fptshop.com.vn/Uploads/Originals/2018/7/2/636661394254459547_x360.jpg","14 inch HD SVA WLED-backlit multitouch-enabled edge-to-edge glass","Intel Core i3 7100U","4 GB DDR4 2133 MHz","Intel HD Graphics 620 Share","Windows 10 Home 64","1.63 kg","https://fptshop.com.vn//may-tinh-xach-tay/hp-pavilion-x360-14-ba062tu"
"HP 15-bs666TX/Core i3 6006U","10.490.000₫","https://images.fpt.shop/unsafe/fit-in/240x215/filters:quality(90):fill(white)/cdn.fptshop.com.vn/Uploads/Originals/2017/8/8/636378032368806847_HP-15-bs637TX.png","15.6 inchs HD SVA BrightView WLED-backlit ","intel Core i3 6006U","4 GB DDR4 2133 MHz","AMD Radeon™ 520 2 GB","Windows 10 64 bit","1.86 Kg","https://fptshop.com.vn//may-tinh-xach-tay/HP-15-bs666TXCore-i3-6006U"
"HP 15-bs642TU/Core i3-6006U","9.490.000₫","https://images.fpt.shop/unsafe/fit-in/240x215/filters:quality(90):fill(white)/cdn.fptshop.com.vn/Uploads/Originals/2017/9/15/636410683569855871_HP-15-bs559TU.png","15.6 inchs HD SVA BrightView WLED-backlit ","intel Core i3 6006U","4 GB DDR4 2133 MHz","Intel® HD Graphics 520 Shared","Windows 10 Home 64","1.9 Kg","https://fptshop.com.vn//may-tinh-xach-tay/HP-15-bs642TUCore-i3-6006U"
"HP 15-bs153TU/Core i5-8250U","13.990.000₫","https://images.fpt.shop/unsafe/fit-in/240x215/filters:quality(90):fill(white)/cdn.fptshop.com.vn/Uploads/Originals/2018/3/28/636578288873019912_HP-15-bs153TU.png","15.6 inch HD SVA BrightView WLED-backlit ","Intel Core i5 8250U","4 GB DDR4 2400 MHz","Intel® UHD Graphics 620 Shared","Windows 10 Home 64","1.86 Kg","https://fptshop.com.vn//may-tinh-xach-tay/HP-15-bs153TUCore-i5-8250U"
"HP Pavilion X360 14-ba080TU","12.690.000₫","https://images.fpt.shop/unsafe/fit-in/240x215/filters:quality(90):fill(white)/cdn.fptshop.com.vn/Uploads/Originals/2017/8/14/636383202372532155_HP-Pavilion-x360-14-ba066TU.png","14.0 inchs  HD SVA WLED-backlit multitouch","intel Core i3 7100U","4 GB DDR4  2400 MHz ","Intel HD Graphics 620 Shared","Windows 10 Home Single Language 64-Bit","1.74 Kg","https://fptshop.com.vn//may-tinh-xach-tay/hp-pavilion-x360-14-ba080tu"
"HP 15-da0033TX/Core i5-8250U","14.490.000₫","https://images.fpt.shop/unsafe/fit-in/240x215/filters:quality(90):fill(white)/cdn.fptshop.com.vn/Uploads/Originals/2017/9/15/636410683569855871_HP-15-bs559TU.png","15.6 inchs  SVA BrightView WLED-backlit","Intel Core i5 8250U ","4 GB DDR4 2400","NVIDIA® GeForce® MX110 2 GB","Windows 10 Home Single Language 64","1.77 Kg","https://fptshop.com.vn//may-tinh-xach-tay/hp-15-da0033tx-core-i5-8250u"
"HP Pavilion 15-cs0104TX/i7-8550U","19.990.000₫","https://images.fpt.shop/unsafe/fit-in/240x215/filters:quality(90):fill(white)/cdn.fptshop.com.vn/Uploads/Originals/2017/8/14/636383166870981625_HP-Pavilion-15-cc045TX.png","15.6 inchs FHD SVA Anti-glare WLED-backlit","Intel Core™ i7 8550U","4 GB  DDR4 2400 MHz","NVIDIA GeForce MX130 2 GB","Windows 10 Home Single Language 64-Bit ","1.86 Kg","https://fptshop.com.vn//may-tinh-xach-tay/hp-pavilion-15-cs0104tx-i7-8550u"
"HP 15-da1031TX/Core i5-8265U/4GB/1TB/NVIDIA MX110 2GB/Win10","14.990.000₫","https://images.fpt.shop/unsafe/fit-in/240x215/filters:quality(90):fill(white)/cdn.fptshop.com.vn/Uploads/Originals/2017/9/15/636410683569855871_HP-15-bs559TU.png","15.6 inchs LED Backlit","Intel Core i5 8265U","4 GB DDR4 2400 MHz","NVIDIA® GeForce® MX110 2 GB","Windows 10 Home"," 1.77 kg","https://fptshop.com.vn//may-tinh-xach-tay/hp-15-da1031tx-core-i5-8265u"
"HP Pavilion 14-ce1016TU/Core i5-8265U/4GB/1TB/WIN10","15.290.000₫","https://images.fpt.shop/unsafe/fit-in/240x215/filters:quality(90):fill(white)/cdn.fptshop.com.vn/Uploads/Originals/2018/8/17/636700896982860818_HASP LAPTOP HP 14 CE0031TU-8.jpg","14.0 inchs LED Backlit","Intel Core i5 8265U","4 GB DDR4 2400 MHz","intel Shared ","Windows 10 Home","1.6 kg","https://fptshop.com.vn//may-tinh-xach-tay/hp-pavilion-14-ce1016tu-core-i5-8265u"
"HP Envy 13-ah1012TU/Core i7-8565U/8GB/256GSSD/WIN10","27.490.000₫","https://images.fpt.shop/unsafe/fit-in/240x215/filters:quality(90):fill(white)/cdn.fptshop.com.vn/Uploads/Originals/2017/8/16/636384743489659561_HP-Envy-13-ad076TU.png","13.3 inchs LED Backlit","Intel Core i7 Không","8 GB LPDDR3 2133 MHz","Intel® UHD Graphics 620 Shared ","Windows 10 Home SL 64","1.28kg","https://fptshop.com.vn//may-tinh-xach-tay/hp-envy-13-ah1012tu-core-i7-8565u"
"HP 15-da0108TU/Pentium N5000/4GB/500GB/WIN10","7.390.000₫","https://images.fpt.shop/unsafe/fit-in/240x215/filters:quality(90):fill(white)/cdn.fptshop.com.vn/Uploads/Originals/2017/9/15/636410683569855871_HP-15-bs559TU.png","15.6 inchs HD LED backlit","Intel Pentium N5000","4 GB DDR4 2400 MHz","Intel® HD Graphics Shared ","Windows 10 Home"," 1.77 kg","https://fptshop.com.vn//may-tinh-xach-tay/hp-15-da0108tu-pentium-n5000"
" HP 15-da0047TU/Pentium N5000","7.290.000₫","https://images.fpt.shop/unsafe/fit-in/240x215/filters:quality(90):fill(white)/cdn.fptshop.com.vn/Uploads/Originals/2017/9/15/636410683569855871_HP-15-bs559TU.png","15.6 inchs HD SVA BrightView WLED-backlit ","intel Pentium N5000","4 GB DDR4 2400 MHz","Intel® UHD Graphics 605 Shared","Windows 10 Home Single Language 64","1.77 Kg","https://fptshop.com.vn//may-tinh-xach-tay/hp-15-da0047tu-pentium-n5000"
"HP Pavilion x360 14-cd1018TUCore i3 8145U/4GB/1TB/14.0HDTouch/WIN10","13.490.000₫","https://images.fpt.shop/unsafe/fit-in/240x215/filters:quality(90):fill(white)/cdn.fptshop.com.vn/Uploads/Originals/2017/8/14/636383202372532155_HP-Pavilion-x360-14-ba066TU.png","14.0 inchs HD LED backlit","Intel Core i3 8145U","4 GB DDR4 2666 MHz","Intel UHD Graphics 620  Không","Windows 10 Home SL 64","1.66 kg","https://fptshop.com.vn//may-tinh-xach-tay/hp-pavilion-x360-14-cd1018tu-core-i3-8145u"
"Acer A315-53G-5790","12.990.000₫","https://images.fpt.shop/unsafe/fit-in/240x215/filters:quality(90):fill(white)/cdn.fptshop.com.vn/Uploads/Originals/2019/2/28/636869468167208872_acer-a315-daidien.png","15.6 inchs HD LED","Intel Core i5 8250U","4 GB DDR4 2400 MHz","NVIDIA® GeForce® MX130 2 GB","Linux","1.83 Kg","https://fptshop.com.vn//may-tinh-xach-tay/acer-a315-53g-5790"
"Acer E5-476-33BQ","8.690.000₫","https://images.fpt.shop/unsafe/fit-in/240x215/filters:quality(90):fill(white)/cdn.fptshop.com.vn/Uploads/Originals/2019/2/28/636869499697984561_acer-e5-476-daidien.png","14.0 inchs HD LED","Intel Core i3 7020U","4 GB DDR4 2400 MHz","Intel® HD Graphics 620 Shared","Linux","1.90 Kg","https://fptshop.com.vn//may-tinh-xach-tay/acer-e5-476-33bq"
"Acer Predator Helios 300 PH315-51-7533 ","31.990.000₫","https://images.fpt.shop/unsafe/fit-in/240x215/filters:quality(90):fill(white)/cdn.fptshop.com.vn/Uploads/Originals/2019/2/28/636869511384415304_acer-predator-helios-300-ph315-daidien.png","15.6 inches High-brightness Acer ComfyView LED-backlit TFT LCD","intel core i7 8750H","8 GB DDR4 2666 MHz","NVIDIA GeForce GTX 1060 (GDDR5 SDRAM, Bus Width: 192 Bit); Intel UHD Graphics 630 6 GB","Linux","2.59 Kg","https://fptshop.com.vn//may-tinh-xach-tay/acer-predator-helios-300-ph315-51-7533"
"Acer Nitro AN515-52-51GF","20.990.000₫","https://images.fpt.shop/unsafe/fit-in/240x215/filters:quality(90):fill(white)/cdn.fptshop.com.vn/Uploads/Originals/2019/2/28/636869586841555028_acer-nitro-an515-daidien.png","15.6 inchs FHD LED","Intel Core i5 8300H","8 GB DDR4 2666 MHz","NVIDIA GeForce GTX 1050 4 GB","FreeDOS","2.0 Kg","https://fptshop.com.vn//may-tinh-xach-tay/acer-nitro-an515-52-51gf"
"Acer Nitro 5-AN515-52-75FT","23.990.000₫","https://images.fpt.shop/unsafe/fit-in/240x215/filters:quality(90):fill(white)/cdn.fptshop.com.vn/Uploads/Originals/2019/2/28/636869586841555028_acer-nitro-an515-daidien.png","15.6 inches Full HD IPS Anti-Glare, Acer ComfyView LED-backlit TFT LCD","intel core i7 8750H","8 GB DDR4 2666 MHz","NVIDIA GeForce GTX 1050Ti 4 GB GDDR5","Linux","2.42 Kg","https://fptshop.com.vn//may-tinh-xach-tay/acer-nitro-5-an515-52-75ft"
"Acer A315-32-C9A4","5.990.000₫","https://images.fpt.shop/unsafe/fit-in/240x215/filters:quality(90):fill(white)/cdn.fptshop.com.vn/Uploads/Originals/2019/2/28/636869468167208872_acer-a315-daidien.png","15.6 inchs HD LED Backlight","Intel Celeron N4000","4 GB DDR4 2133 MHz"," Intel® UHD Graphics 600 Shared","Linux","1.89 Kg","https://fptshop.com.vn//may-tinh-xach-tay/acer-a315-32-c9a4"
"Acer AS A315-51-325E","8.690.000₫","https://images.fpt.shop/unsafe/fit-in/240x215/filters:quality(90):fill(white)/cdn.fptshop.com.vn/Uploads/Originals/2019/2/28/636869468167208872_acer-a315-daidien.png","15.6 inchs HD LED Backlight","Intel core i3 7020U","4 GB DDR4 2133 MHz","Intel® HD Graphics 620 Shared","Linux","1.89 Kg","https://fptshop.com.vn//may-tinh-xach-tay/acer-as-a315-51-325e"
"Acer A315-51-364W","9.290.000₫","https://images.fpt.shop/unsafe/fit-in/240x215/filters:quality(90):fill(white)/cdn.fptshop.com.vn/Uploads/Originals/2019/2/28/636869468167208872_acer-a315-daidien.png","15.6 inchs FHD","Intel Core i3 7130U","4 GB DDR4 Memory 2133 MHz","Intel HD Graphics 620 Shared","FreeDOS","2.10 Kg","https://fptshop.com.vn//may-tinh-xach-tay/Acer-A315-51-364W"
"Acer Aspire A315-53-54T3","11.899.000₫","https://images.fpt.shop/unsafe/fit-in/240x215/filters:quality(90):fill(white)/cdn.fptshop.com.vn/Uploads/Originals/2019/2/28/636869468167208872_acer-a315-daidien.png","15.6 inchs FHD LED","Intel Core i5 7200U","4 GB DDR3L 1600 MHz","Intel HD Graphics Shared","Windows 10 Home 64-bit","2.1 Kg","https://fptshop.com.vn//may-tinh-xach-tay/acer-aspire-a315-53-54t3"
"Acer Predator Helios 300 PH315-51-759Y ","40.999.000₫","https://images.fpt.shop/unsafe/fit-in/240x215/filters:quality(90):fill(white)/cdn.fptshop.com.vn/Uploads/Originals/2019/2/28/636869511384415304_acer-predator-helios-300-ph315-daidien.png","15.6 inches Acer ComfyView LED-backlit TFT IPS LCD","intel core i7 8750H","16 GB DDR4 2666 MHz","NVIDIA GeForce GTX 1060 (GDDR5 SDRAM, Bus Width: 128 Bit) - Intel UHD Graphics 630 6 GB","Linux","2.6 Kg","https://fptshop.com.vn//may-tinh-xach-tay/acer-predator-helios-300-ph315-51-759y"
"Acer Swift 5 SF514-52T-87TF/Core i7-8550U/8Gb/256Gb/Win 10 SL","28.790.000₫","https://images.fpt.shop/unsafe/fit-in/240x215/filters:quality(90):fill(white)/cdn.fptshop.com.vn/Uploads/Originals/2019/2/28/636869632595544613_acer-swift-5-sf514-daidien.png","14.0 inchs FHD Touch","Intel Core i7 8550U","8 GB LPDDR3 1866 MHz","Intel UHD Graphics 620 Shared ","Windows 10 Home SL 64","0.94 kg","https://fptshop.com.vn//may-tinh-xach-tay/acer-swift-5-sf514-52t-87tf-core-i7-8550u"
"Acer A315-53-30E7/Core i3- 7020U/4Gb/1000Gb/Win 10","9.190.000₫","https://images.fpt.shop/unsafe/fit-in/240x215/filters:quality(90):fill(white)/cdn.fptshop.com.vn/Uploads/Originals/2019/2/28/636869468167208872_acer-a315-daidien.png","15.6 inchs Anti - Glare","Intel Core i3 7020U","4 GB DDR4 2400 MHz","Intel HD Graphics 620 2 GB","Windows 10 Home","1.98 Kg","https://fptshop.com.vn//may-tinh-xach-tay/acer-a315-53-30e7-core-i3-7020u"
"Swift SF314-54-58KB/Core i5-8250U/4Gb/256Gb/14FHD/WIn10","17.990.000₫","https://images.fpt.shop/unsafe/fit-in/240x215/filters:quality(90):fill(white)/cdn.fptshop.com.vn/Uploads/Originals/2019/2/28/636869611319269125_acer-swift-sf314-54-daidien.png","14.0 inchs IPS FHD","Intel Core i5 8250U","4 GB DDR4 2133 MHz","Intel® UHD Graphics 620 Không","Windows 10 Home","1.5kg","https://fptshop.com.vn//may-tinh-xach-tay/swift-sf314-54-58kb-core-i5-8250u"
"Swift SF315-52-38YQ/Core i3- 8130/4Gb/1000Gb/15.6""FHD/Win10","14.990.000₫","https://images.fpt.shop/unsafe/fit-in/240x215/filters:quality(90):fill(white)/cdn.fptshop.com.vn/Uploads/Originals/2019/2/28/636869624940661433_acer-swift-sf315-daidien.png","15.6 inchs IPS LCD","Intel Core i3 8130U","4 GB DDR4 Không","Intel® UHD Graphics 620 Không","Windows 10 Home","1.7kg","https://fptshop.com.vn//may-tinh-xach-tay/swift-sf315-52-38yq-core-i3-8130"
"Vostro 3578B/Core i5-8250U/4GB/1TB/AMD Radeon520 2GB/Win 10","16.490.000₫","https://images.fpt.shop/unsafe/fit-in/240x215/filters:quality(90):fill(white)/cdn.fptshop.com.vn/Uploads/Originals/2018/5/7/636612854975079854_Dell-Vostro-3578A.png","15.6 inchs LED Backlit","Intel Core i5 8250U","4 GB DDR4 2400 MHz","AMD Radeon 520 2 GB","Windows 10 Home SL 64","2.2 Kg","https://fptshop.com.vn//may-tinh-xach-tay/vostro-3578b-core-i5-8250u"
"Inspiron N3576F/Core i5-8250U/4Gb/1000Gb/DVWRW/Win 10","14.690.000₫","https://images.fpt.shop/unsafe/fit-in/240x215/filters:quality(90):fill(white)/cdn.fptshop.com.vn/Uploads/Originals/2018/5/22/636625859222021285_N3576.png","15.6 inchs LED Backlit","Intel Core i5 8250U","4 GB DDR4 2400 MHz","Intel(R) UHD Graphics 620 Shared ","Windows 10 Home SL 64","2.3 Kg","https://fptshop.com.vn//may-tinh-xach-tay/inspiron-n3576f-core-i5-8250u"
"Dell N3576/i3-8130U/4GB/1TB/DVDRW/Win10","12.290.000₫","https://images.fpt.shop/unsafe/fit-in/240x215/filters:quality(90):fill(white)/cdn.fptshop.com.vn/Uploads/Originals/2018/5/22/636625859222021285_N3576.png","15.6 inchs LED Backlit","Intel Core i3 8130U","4 GB DDR4 2400 MHz","Intel(R) UHD Graphics 620 Shared ","Windows 10 Home SL 64","2.3 Kg","https://fptshop.com.vn//may-tinh-xach-tay/dell-n3576-i3-8130u"
"Dell Inspiron N3576/Core i3-7020U/4Gb/1000Gb/DVDRW/AMD R5 520 2Gb","11.590.000₫","https://images.fpt.shop/unsafe/fit-in/240x215/filters:quality(90):fill(white)/cdn.fptshop.com.vn/Uploads/Originals/2018/5/22/636625859222021285_N3576.png","15.6 inchs FHD","Intel Core i3 7020U","4 GB DDR4 2400 MHZ","AMD Radeon 520 2 GB","Ubuntu","2.30 Kg","https://fptshop.com.vn//may-tinh-xach-tay/dell-inspiron-n3576-core-i3-7020u"
"Dell Inspiron N3576","11.590.000₫","https://images.fpt.shop/unsafe/fit-in/240x215/filters:quality(90):fill(white)/cdn.fptshop.com.vn/Uploads/Originals/2018/5/22/636625937978240094_N3576.png","15.6 inchs Anti-Glare LED-Backlit Display","Intel Core i3 7020U","4 GB DDR4 2400 MHZ","AMD Radeon 520 2 GB","Ubuntu","2.30 Kg","https://fptshop.com.vn//may-tinh-xach-tay/dell-inspiron-n3576"
"Dell N3579","25.490.000₫","https://images.fpt.shop/unsafe/fit-in/240x215/filters:quality(90):fill(white)/cdn.fptshop.com.vn/Uploads/Originals/2018/9/27/636736375489794606_Dell N3579.png","15.6 inchs IPS Anti-Glare LED-Backlit Display","Intel  Core™ i7 8750H","8 GB DDR4 2666 MHz","NVIDIA GeForce GTX 1050Ti 4 GB GDDR5","Ubuntu Linux 16.04","~2.35 Kg","https://fptshop.com.vn//may-tinh-xach-tay/dell-n3579"
"Dell Inspiron T7373A","30.290.000₫","https://images.fpt.shop/unsafe/fit-in/240x215/filters:quality(90):fill(white)/cdn.fptshop.com.vn/Uploads/Originals/2018/9/14/636725329941781937_Dell Inspiron T7373A.png","13.3 inchs IPS Truelife LED-Backlit Narrow Border Touch Display","Intel Core i7 8550U","8 GB DDR4 2400 GHz","Intel UHD Graphics 620 Shared","Windows 10 SL","1.63 Kg","https://fptshop.com.vn//may-tinh-xach-tay/dell-inspiron-t7373a"
"Macbook Air 13 128GB 2018","31.990.000₫","https://images.fpt.shop/unsafe/fit-in/240x215/filters:quality(90):fill(white)/cdn.fptshop.com.vn/Uploads/Originals/2018/12/19/636808253336771661_Macbook-air-2018.png","13.3 inchs LED Backlit","Intel Core i5 Dual - Core","8 GB LPDDR3 2133 MHz","Intel UHD Graphics 617 Shared ","Mac OS","1250g","https://fptshop.com.vn//may-tinh-xach-tay/macbook-air-13-128gb-2018"
"Macbook Air 13 256GB 2018","36.990.000₫","https://images.fpt.shop/unsafe/fit-in/240x215/filters:quality(90):fill(white)/cdn.fptshop.com.vn/Uploads/Originals/2018/12/19/636808253336771661_Macbook-air-2018.png","13.3 inchs LED Backlit","Intel Core i5 Dual - Core","8 GB LPDDR3 2133 MHz","Intel UHD Graphics 617 Shared ","Mac OS","1250g","https://fptshop.com.vn//may-tinh-xach-tay/macbook-air-13-256gb-2018"
"Macbook 12 256GB (2017)","33.990.000₫","https://images.fpt.shop/unsafe/fit-in/240x215/filters:quality(90):fill(white)/cdn.fptshop.com.vn/Uploads/Originals/2018/11/14/636778053053351674_Apple-macbook-12-2018.png","12 inch "," Intel Core M3 Dual - Core","8 GB LPDDR3 1866 MHz","Intel HD Graphics 615","Mac Os","0.92 kg","https://fptshop.com.vn//may-tinh-xach-tay/macbook-12-256gb"
"Macbook Pro 13 inch 128GB (2017)","33.990.000₫","https://images.fpt.shop/unsafe/fit-in/240x215/filters:quality(90):fill(white)/cdn.fptshop.com.vn/Uploads/Originals/2018/8/16/636700374319479202_macpro13.png","13.3 inch ","Intel Core i5 Dual - Core","8 GB LPDDR3 2133MHz","Intel Iris Plus Graphics 640","Mac Os","1.37 kg","https://fptshop.com.vn//may-tinh-xach-tay/macbook-pro-13-inch-128gb-2017"
"Macbook Pro 13 inch 256GB (2017)","38.990.000₫","https://images.fpt.shop/unsafe/fit-in/240x215/filters:quality(90):fill(white)/cdn.fptshop.com.vn/Uploads/Originals/2018/8/16/636700374319479202_macpro13.png","13.3 inch ","Intel Core i5 Dual - Core","8 GB LPDDR3 2133 MHz","Intel Iris Plus Graphics 640","Mac Os","1.37 kg","https://fptshop.com.vn//may-tinh-xach-tay/macbook-pro-13-inch-256gb-2017"
"Macbook Pro 13 Touch Bar 256 GB (2018)","44.990.000₫","https://images.fpt.shop/unsafe/fit-in/240x215/filters:quality(90):fill(white)/cdn.fptshop.com.vn/Uploads/Originals/2018/8/16/636700354271169202_touchbar13-1o.png","13.3 inch Công nghệ True Tone, Công nghệ IPS, LED Backlit","Intel Core i5 Quad-Core","8GB LPDDR3 2133MHz","Intel Iris Plus Graphics 655 System Shared","macOS High Sierra","1370g","https://fptshop.com.vn//may-tinh-xach-tay/macbook-pro-13-touch-bar-256gb-2018"
"Macbook Pro 13 Touch Bar 512 GB (2018)","49.990.000₫","https://images.fpt.shop/unsafe/fit-in/240x215/filters:quality(90):fill(white)/cdn.fptshop.com.vn/Uploads/Originals/2018/8/16/636700354271169202_touchbar13-1o.png","13.3 inch Công nghệ True Tone, Công nghệ IPS, LED Backlit","Intel Core i5 Quad-Core","8GB LPDDR3 2133MHz","Intel Iris Plus Graphics 655 System Shared","macOS High Sierra","1370g","https://fptshop.com.vn//may-tinh-xach-tay/macbook-pro-13-touch-bar-512gb-2018"
"Macbook Pro 15 Touch Bar 256 GB (2018)","57.490.000₫","https://images.fpt.shop/unsafe/fit-in/240x215/filters:quality(90):fill(white)/cdn.fptshop.com.vn/Uploads/Originals/2018/8/16/636700354271279202_touchbar15-1o.png","15.4 inch Công nghệ True Tone, Công nghệ IPS, LED Backlit","Intel Core i7 6-core","16GB DDR4 2400MHz","Radeon Pro 555X 4GB of GDDR5 ","macOS High Sierra","1830g","https://fptshop.com.vn//may-tinh-xach-tay/macbook-pro-15-touch-bar-256gb-2018"
"Macbook Pro 15 Touch Bar 512 GB (2018)","69.990.000₫","https://images.fpt.shop/unsafe/fit-in/240x215/filters:quality(90):fill(white)/cdn.fptshop.com.vn/Uploads/Originals/2018/8/16/636700354271279202_touchbar15-1o.png","15.4 inch Công nghệ True Tone, Công nghệ IPS, LED Backlit","Intel Core i7 6-core","16GB DDR4 2400MHz","Radeon Pro 560X 4GB of GDDR5 ","macOS High Sierra","1830g","https://fptshop.com.vn//may-tinh-xach-tay/macbook-pro-15-touch-bar-512gb-2018"
"Asus Vivobook X507MA-BR316T/Pentium N5000//4G/256GB SSD/WIN10","7.790.000₫","https://images.fpt.shop/unsafe/fit-in/240x215/filters:quality(90):fill(white)/cdn.fptshop.com.vn/Uploads/Originals/2018/3/28/636578276358777570_Asus-X507UA-BR167T.png","15.6 inchs LED Backlit","Intel Pentium N5000","4 GB DDR4 2400 MHz","Intel UHD Graphics Shared ","Windows 10 Home SL 64","1.73 kg","https://fptshop.com.vn//may-tinh-xach-tay/asus-vivobook-x507ma-br316t-pentium-n5000"
"Asus Zenbook UX333FA-A4046T/Core i5-8265U/8GB/256GSSD/WIN10","22.490.000₫","https://images.fpt.shop/unsafe/fit-in/240x215/filters:quality(90):fill(white)/cdn.fptshop.com.vn/Uploads/Originals/2018/12/18/636807445919258030_Asus-Zenbook-UX333FA-A4046T.png","13.3 inchs FHD","Intel Core i5 8265U","8 GB LPDDR3 2133 MHz","Intel UHD Graphics 620 Shared ","Windows 10 Home SL 64","0.94 KG (Without Battery)   1.19 KG (with 3 cell battery)","https://fptshop.com.vn//may-tinh-xach-tay/asus-zenbook-ux333fa-a4046t-core-i5-8265u"
"Asus TUF FX505GD-BQ324T/Core i5-8300H/8GB/1TB/1050 4GB/WIN10","22.390.000₫","https://images.fpt.shop/unsafe/fit-in/240x215/filters:quality(90):fill(white)/cdn.fptshop.com.vn/Uploads/Originals/2019/1/4/636822124020970771_Asus TUF FX505GD-BQ324T.png","15.6 inchs FHD","Intel Core i5 8300H","8 GB DDR4 2666 MHz","GTX 1050 4 GB","Windows 10 Home","2.2Kg","https://fptshop.com.vn//may-tinh-xach-tay/asus-tuf-fx505gd-bq324t-core-i5-8300h"
"Asus F570ZD-E4297T/R5-2500/4GB/1TB/1050 4GB/WIN10","15.990.000₫","https://images.fpt.shop/unsafe/fit-in/240x215/filters:quality(90):fill(white)/cdn.fptshop.com.vn/Uploads/Originals/2018/8/28/636710689183153217_Asus-F560UD.png","15.6 inchs Anti - Glare","AMD Quad Core R5 R5-2500U","4 GB DDR4 2400 MHz","GeForce GTX 1050 4 GB","Windows 10 Home SL 64","1.96 kg","https://fptshop.com.vn//may-tinh-xach-tay/asus-f570zd-e4297t-r5-2500"
"Asus Vivobook X407UA-BV537T/Core i3-7020U/4GB/1TB/WIN10","9.990.000₫","https://images.fpt.shop/unsafe/fit-in/240x215/filters:quality(90):fill(white)/cdn.fptshop.com.vn/Uploads/Originals/2018/11/15/636778725653892825_Asus-Vivobook-X407UA.png","14.0 inchs HD LED backlit","Intel Core i3 7020U","4 GB DDR4 2400 MHz","Intel® HD graphics Shared ","Windows 10 Home","1.5 KG","https://fptshop.com.vn//may-tinh-xach-tay/asus-vivobook-x407ua-bv537t-core-i3-7020u"
"Asus Vivobook S430FA-EB033T/Core I3-8145U/4GB/256GB SSD/WIN10","14.390.000₫","https://images.fpt.shop/unsafe/fit-in/240x215/filters:quality(90):fill(white)/cdn.fptshop.com.vn/Uploads/Originals/2018/9/4/636716692813199993_Asus-S13-14.png","14.0 inchs FHD","Intel Core i3 8145U","4 GB DDR4 2400 MHz","Intel UHD Graphics 620 Shared ","Windows 10 Home SL 64","1.4Kg","https://fptshop.com.vn//may-tinh-xach-tay/asus-vivobook-s430fa-eb033t-core-i3-8145u"
"Asus Zenbook UX333FA-A4181T/Core i5-8265U/8GB/256GSSD/WIN10","22.990.000₫","https://images.fpt.shop/unsafe/fit-in/240x215/filters:quality(90):fill(white)/cdn.fptshop.com.vn/Uploads/Originals/2019/3/6/636874650443173316_asus-zenbook-ux333fa-a4181t-daidien.png","13.3 inchs IPS FHD","Intel Core i5 Không","8 GB LPDDR3 2133 MHz","Intel UHD Graphics 620 Shared ","Windows 10 Home SL 64","0.94 KG (Without Battery) 1.19 KG (with 3 cell battery)","https://fptshop.com.vn//may-tinh-xach-tay/asus-zenbook-ux333fa-a4181t-core-i5-8265u"
"Asus Vivobook X507UA-BR426T/Core I5-8250U/4GB/1TB/WIN10","13.290.000₫","https://images.fpt.shop/unsafe/fit-in/240x215/filters:quality(90):fill(white)/cdn.fptshop.com.vn/Uploads/Originals/2018/3/28/636578276358777570_Asus-X507UA-BR167T.png","15.6 inchs HD Touch","Intel Core i5 Không","4 GB DDR4 2400 MHz","Intel UHD Graphics  Shared ","Windows 10 Home SL 64","1.68KG","https://fptshop.com.vn//may-tinh-xach-tay/asus-vivobook-x507ua-br426t-core-i5-8250u"
"Asus Vivobook S430FA-EB069T/Core I3-8145U/4GB/1TB/WIN10","13.890.000₫","https://images.fpt.shop/unsafe/fit-in/240x215/filters:quality(90):fill(white)/cdn.fptshop.com.vn/Uploads/Originals/2019/3/16/636883246518568380_asus-vivobook-s14-s430fa-eb069t-dd.png","14.0 inchs FHD","Intel Core i3 8145U","4 GB DDR4 2666 MHz","Intel UHD Graphics 620 Shared ","Windows 10 Home","1.4Kg","https://fptshop.com.vn//may-tinh-xach-tay/asus-vivobook-s430fa-eb069t-core-i3-8145u"
"Asus Vivobook X407UA-BV489T/Core i5 8250U/4GB+16GB Optane/1TB/WIN10","13.390.000₫","https://images.fpt.shop/unsafe/fit-in/240x215/filters:quality(90):fill(white)/cdn.fptshop.com.vn/Uploads/Originals/2018/11/28/636789998486762152_Asus-Vivobook-X407UA-BV489T.png","14.0 inchs HD LED backlit","Intel Core i5 8250U","4GB + 16GB Optane DDR4 2400 MHz","Intel UHD Graphics 620 Shared ","Windows 10 Home","1.52 kg","https://fptshop.com.vn//may-tinh-xach-tay/asus-vivobook-x407ua-bv489t-core-i5-8250u"
"Asus F560UD-BQ327T/Core i5-8250U/8GB/1TB/GTX1050 2G/WIN10","16.990.000₫","https://images.fpt.shop/unsafe/fit-in/240x215/filters:quality(90):fill(white)/cdn.fptshop.com.vn/Uploads/Originals/2018/8/28/636710689183153217_Asus-F560UD.png","15.6 inchs IPS FHD","Intel Core i5 8250U","8 GB DDR4 2133 MHz","Geforce GTX 1050 2 GB","Windows 10 Home SL 64","1.97 kg","https://fptshop.com.vn//may-tinh-xach-tay/asus-f560ud-bq327t-core-i5-8250u"
"Asus TUF FX505GE-BQ308T-G/Core I7-8750H/8GB/1TB/15.6FHD/Nvidia GTX1050Ti 4G","26.190.000₫","https://images.fpt.shop/unsafe/fit-in/240x215/filters:quality(90):fill(white)/cdn.fptshop.com.vn/Uploads/Originals/2018/12/4/636795360491080000_ASUS-TUF-Gaming-FX505.png","15.6 inchs IPS FHD","Intel Core i7 8750H","8 GB DDR4 2666 MHz","NVIDIA GeForce GTX 1050 Ti 4 GB","Windows 10 Home SL 64","2.2Kg","https://fptshop.com.vn//may-tinh-xach-tay/asus-tuf-fx505ge-bq308t-g-core-i7-8750h"
"Asus Vivobook X507UF-EJ257T/Core i7-8550U/4G/1TB/MX130_2GB/WIN10","17.090.000₫","https://images.fpt.shop/unsafe/fit-in/240x215/filters:quality(90):fill(white)/cdn.fptshop.com.vn/Uploads/Originals/2018/3/28/636578276358777570_Asus-X507UA-BR167T.png","15.6 inchs FHD","Intel Core i7 8550U","4 GB DDR4 2400 MHz","NVIDIA GeForce MX130 ","Windows 10 Home SL 64","1.68 kg","https://fptshop.com.vn//may-tinh-xach-tay/asus-vivobook-x507uf-ej257t-core-i7-8550u"
"Masstel L133 Celeron N3350 128GB","5.690.000₫","https://images.fpt.shop/unsafe/fit-in/240x215/filters:quality(90):fill(white)/cdn.fptshop.com.vn/Uploads/Originals/2018/2/22/636549179165928759_Masstel-L133.png","13.3 inch IPS/Full HD","Intel Celeron N3350 Celeron N3350","3GB LPDDR3 1600 MHz","Intel (R) HD Graphics 500 Share","Windows 10  dùng thử","1.2 Kg","https://fptshop.com.vn//may-tinh-xach-tay/masstel-l133-celeron-n3350-128gb"
"Masstel L133 Pro/Celeron N4100/4GB/64GB+128GB SSD","6.990.000₫","https://images.fpt.shop/unsafe/fit-in/240x215/filters:quality(90):fill(white)/cdn.fptshop.com.vn/Uploads/Originals/2018/3/16/636567900808432072_Masstel-L133-gold.png","13.3 inchs IPS FHD","Intel Celeron N4100","4 GB DDR4 2400 MHz","Intel (R) UHD Graphics 600 Shared ","Windows 10","1.2 Kg","https://fptshop.com.vn//may-tinh-xach-tay/masstel-l133-pro-celeron-n41004gb-64GB-128gb-ssd"
"Masstel L133","4.990.000₫","https://images.fpt.shop/unsafe/fit-in/240x215/filters:quality(90):fill(white)/cdn.fptshop.com.vn/Uploads/Originals/2018/2/22/636549179165928759_Masstel-L133.png","13.3 inchs IPS Full HD","Intel Celeron  N3350","3 GB LPDDR3 1600 MHz","Intel (R) HD Graphics Share","Windows 10 (dùng thử)","1.2 Kg","https://fptshop.com.vn//may-tinh-xach-tay/Masstel-L133"
"Masstel L133/Celeron N3350/RAM 3GB/32GB/WIN10_Bạc","5.290.000₫","https://images.fpt.shop/unsafe/fit-in/240x215/filters:quality(90):fill(white)/cdn.fptshop.com.vn/Uploads/Originals/2018/2/22/636549179165928759_Masstel-L133.png","13.3 inch IPS/Full HD","Intel Celeron N3350 Celeron N3350","3 GB LPDDR3 1600 MHz","Intel (R) HD Graphics 500 Share","Windows 10 bản quyền","1.2 Kg","https://fptshop.com.vn//may-tinh-xach-tay/masstel-l133celeron-n3350ram-3gb32gbwin10-bac"
"Asus Vivobook Flip TP410UA-EC227T","12.990.000₫","https://images.fpt.shop/unsafe/fit-in/240x215/filters:quality(90):fill(white)/cdn.fptshop.com.vn/Uploads/Originals/2017/11/14/636462723264755496_Asus-TP410UA.png","14.0 inchs Ultra Slim 250nits","Intel Core i3 7100U","4 GB DDR4 2133 MHz","Intel® HD graphics 620 Shared","Windows 10","1.60 Kg","https://fptshop.com.vn//may-tinh-xach-tay/Asus-Vivobook-Flip-TP410UA-EC227T"
"Asus Vivobook Flip TP412UA-EC173T/Core I3-7020U","13.890.000₫","https://images.fpt.shop/unsafe/fit-in/240x215/filters:quality(90):fill(white)/cdn.fptshop.com.vn/Uploads/Originals/2018/10/11/636748444439393703_Flip-TP412UA-EC173T.png","14.0 inches FHD ","Intel Core i3 7020U","4 GB DDR4 2400 MHz ","Intel® HD graphics 620 Shared","Windows 10 64bit ","1.5 Kg","https://fptshop.com.vn//may-tinh-xach-tay/asus-vivobook-flip-tp412ua-ec173t-core-i3-7020u"
"Asus Vivobook A510UA-EJ1123T/Core i3 8130U","10.990.000₫","https://images.fpt.shop/unsafe/fit-in/240x215/filters:quality(90):fill(white)/cdn.fptshop.com.vn/Uploads/Originals/2018/9/13/636724302725194523_A510UA.png","15.6 inchs Anti-Glare","Intel Core i3 8130U","4 GB DDR4 2400 MHz","Intel UHD Graphics 620 Share","Windows 10 (64bit)"," 1.70 Kg","https://fptshop.com.vn//may-tinh-xach-tay/asus-vivobook-a510ua-ej1123t-core-i3-8130u"
"Asus Vivobook A510UF-BR485T","11.990.000₫","https://images.fpt.shop/unsafe/fit-in/240x215/filters:quality(90):fill(white)/cdn.fptshop.com.vn/Uploads/Originals/2018/5/14/636618927103476689_Asus-Vivobook-A510UF-EJ182T.png","15.6 inchs Ultra Slim 200nits Anti-Glare/NTSC:45%/Wide View","Intel Core i3 8130U","4 GB DDR4 2400 MHz","NVIDIA GeForce MX130 GDDR5 2GB","Windows 10 64Bit","1.70 Kg","https://fptshop.com.vn//may-tinh-xach-tay/Asus-Vivobook-A510UF-BR485T"
"Asus Vivobook X507MA-BR208T/Celeron N4000","6.690.000₫","https://images.fpt.shop/unsafe/fit-in/240x215/filters:quality(90):fill(white)/cdn.fptshop.com.vn/Uploads/Originals/2018/3/28/636578276358777570_Asus-X507UA-BR167T.png","15.6 inchs Anti-Glare LED Backlit","Intel Celeron N4000","4 GB DDR4 2400 MHz","Intel® UHD Graphics 600  Shared","Windows 10 (64bit)","1.75 Kg (with 3 cell battery)","https://fptshop.com.vn//may-tinh-xach-tay/asus-vivobook-x507ma-br208t-celeron-n4000"
"Asus Vivobook E406SA-BV043T","5.290.000₫","https://images.fpt.shop/unsafe/fit-in/240x215/filters:quality(90):fill(white)/cdn.fptshop.com.vn/Uploads/Originals/2018/5/17/636621462203915542_Asus-Vivobook-E406SA-white.png","14.0 inchs Ultra Slim 200nits","Intel Celeron N3060","2 GB DDR3 1600 MHz","Intel HD Graphics 500 Shared","Windows 10","1.22 Kg","https://fptshop.com.vn//may-tinh-xach-tay/Asus-Vivobook-E406SA-BV043T"
"Asus Vivobook E406SA-BV001T","5.290.000₫","https://images.fpt.shop/unsafe/fit-in/240x215/filters:quality(90):fill(white)/cdn.fptshop.com.vn/Uploads/Originals/2018/5/14/636619145416321744_E406.png","14.0 inchs Ultra Slim 200nits","Intel Celeron N3060","2 GB DDR3 1600 MHz","Intel HD Graphics 500 Shared","Windows 10","1.22 Kg","https://fptshop.com.vn//may-tinh-xach-tay/Asus-Vivobook-E406SA-BV001T"
"Asus X541UA-GO1372T/Core i3 7100U","9.290.000₫","https://images.fpt.shop/unsafe/fit-in/240x215/filters:quality(90):fill(white)/cdn.fptshop.com.vn/Uploads/Originals/2018/1/29/636528302863568598_Asus-X541UA-XX272T.png","15.6 inchs Ultra Slim 200nits/Glare/NTSC:45%","Intel Core i3 7100U","4 GB DDR4 2400MHz","Đồ họa HD Intel® 620  Shared","Windows 10 Home Single Language 64 bit","2.0 Kg","https://fptshop.com.vn//may-tinh-xach-tay/asus-x541ua-go1372t-core-i3-7100u"
"Asus Vivobook S510UA-BQ222T/Core i3-8130U","12.490.000₫","https://images.fpt.shop/unsafe/fit-in/240x215/filters:quality(90):fill(white)/cdn.fptshop.com.vn/Uploads/Originals/2017/10/26/636446124445950926_Asus-Vivobook-S15-S510UA-BQ111T.png","15.6 inchs Anti-Glare","Intel Core i3 8130U","4 GB DDR4 2400 MHz","Intel® UHD graphics 620 Shared","Windows 10 precision touchpad","1.70 Kg","https://fptshop.com.vn//may-tinh-xach-tay/Asus-Vivobook-S510UA-BQ222TCore-i3-8130U"
"Asus Zenbook UX333FA-A4011T/Core i5-8265U/8GB/256GSSD/WIN10","22.490.000₫","https://images.fpt.shop/unsafe/fit-in/240x215/filters:quality(90):fill(white)/cdn.fptshop.com.vn/Uploads/Originals/2018/12/11/636801318182548756_Asus-Zenbook-UX333FA.png","13.3 inchs FHD","Intel Core i5 8265","8 GB LPDDR3 2133 MHz","Intel UHD Graphics Shared ","Windows 10 Home SL 64","1.19Kg","https://fptshop.com.vn//may-tinh-xach-tay/asus-zenbook-ux333fa-a4011t-core-i5-8265u"
"Asus ROG GL503GE-EN021T/i7-8750H","29.990.000₫","https://images.fpt.shop/unsafe/fit-in/240x215/filters:quality(90):fill(white)/cdn.fptshop.com.vn/Uploads/Originals/2018/7/12/636670020536433317_Asus-ROG-GL503GE.png","15.6 inchs Full HD","INTEL Core i7 8750H","8 GB DDR4 2666 MHz","NVIDIA GeForce GTX 1050Ti 4 GB","Windows 10 Home SL","2.50 Kg","https://fptshop.com.vn//may-tinh-xach-tay/asus-rog-gl503ge-en021t-i7-8750h"
"Asus Vivobook X507UA-BR167T/Core I3-6006U","9.790.000₫","https://images.fpt.shop/unsafe/fit-in/240x215/filters:quality(90):fill(white)/cdn.fptshop.com.vn/Uploads/Originals/2018/3/28/636578276358777570_Asus-X507UA-BR167T.png","15.6 inch HD LED-Backlit,Anti-Glare","Intel Core i3 6006","4 GB DDR4 2133 MHz","Intel® HD graphics 520 share","Windows 10 64Bit","1.68 Kg","https://fptshop.com.vn//may-tinh-xach-tay/Asus-X507UA-BR167TCore-I3-6006U"
"Asus Zephyrus M GM501GS-EI004T/i7-8750H","64.990.000₫","https://images.fpt.shop/unsafe/fit-in/240x215/filters:quality(90):fill(white)/cdn.fptshop.com.vn/Uploads/Originals/2018/5/7/636612835322671436_GM501GS-EI004T.png","15.6 inchs FHD IPS Non-Glare, 100% sRGB, 300nits LED 144Hz G-sync 3ms","Intel Core i7 8750H","16 GB DDR4  2666 MHz","NVIDIA Geforce GTX 1070 8 GB DDR5","Windows 10 64Bit","2.20 Kg","https://fptshop.com.vn//may-tinh-xach-tay/Asus-Zephyrus-M-GM501GS-EI004Ti7-8750H"
"Asus VIVOBOOK X507UA-EJ234T/Core i3-7020U","10.590.000₫","https://images.fpt.shop/unsafe/fit-in/240x215/filters:quality(90):fill(white)/cdn.fptshop.com.vn/Uploads/Originals/2018/3/28/636578276358777570_Asus-X507UA-BR167T.png","15.6 inchs FHD","Intel Core i3 7020U","4 GB DDR4 2400 MHz","Intel® HD graphics 2 GB","Windows 10 Home","1.68 Kg","https://fptshop.com.vn//may-tinh-xach-tay/asus-vivobook-x507ua-ej234t-core-i3-7020u"
"Asus Vivobook X507UF-EJ074T/i7-8550U","17.190.000₫","https://images.fpt.shop/unsafe/fit-in/240x215/filters:quality(90):fill(white)/cdn.fptshop.com.vn/Uploads/Originals/2018/3/28/636578276358777570_Asus-X507UA-BR167T.png","15.6 inchs FHD Anti-Glare Panel with 45% NTSC","Intel Core i7 8550U","4 GB DDR4 2400 MHz","NVIDIA GeForce MX130 2 GB_GDDR5","Windows 10 Home Single Language 64 bit","1.68 Kg","https://fptshop.com.vn//may-tinh-xach-tay/asus-vivobook-x507uf-ej074t-i7-8550U"
"Asus Vivobook X507MA-BR317T/Celeron N4000/4GB/256GB SSD/WIN10","6.790.000₫","https://images.fpt.shop/unsafe/fit-in/240x215/filters:quality(90):fill(white)/cdn.fptshop.com.vn/Uploads/Originals/2018/3/28/636578276358777570_Asus-X507UA-BR167T.png","15.6 inchs LED Backlit","Intel Celeron N4000","4 GB DDR4 2400 MHz","Intel UHD Graphics Shared ","Windows 10 Home SL 64","1.73 kg","https://fptshop.com.vn//may-tinh-xach-tay/asus-vivobook-x507ma-br317t-celeron-n4000"
"Asus Vivobook X507UF-BR204T/Core i3-8130U","11.990.000₫","https://images.fpt.shop/unsafe/fit-in/240x215/filters:quality(90):fill(white)/cdn.fptshop.com.vn/Uploads/Originals/2018/3/28/636578276358777570_Asus-X507UA-BR167T.png","15.6 inchs LED Backlit","Intel Core i3 8130U","4 GB DDR4 2400 MHz","NVIDIA GeForce MX130 2 GB","Windows 10 Home","1.68 Kg","https://fptshop.com.vn//may-tinh-xach-tay/asus-vivobook-x507uf-br204t-core-i3-8130u"
"Asus Vivobook X507UF-EJ121T/i5-8250U","14.590.000₫","https://images.fpt.shop/unsafe/fit-in/240x215/filters:quality(90):fill(white)/cdn.fptshop.com.vn/Uploads/Originals/2018/3/28/636578276358777570_Asus-X507UA-BR167T.png","15.6 inchs LED Backlit","Intel Core i5 8250U","4 GB DDR4 2400 MHz","NVIDIA GeForce MX130 2 GB","Windows 10 Home","1.68 Kg","https://fptshop.com.vn//may-tinh-xach-tay/asus-vivobook-x507uf-ej121t-i5-8250u"
"Asus TUF FX504GD-E4571T/i5-8300H","19.990.000₫","https://images.fpt.shop/unsafe/fit-in/240x215/filters:quality(90):fill(white)/cdn.fptshop.com.vn/Uploads/Originals/2018/4/17/636595538963218134_ASUS-TUF-FX504.png","15.6 inchs FHD IPS  Non-Glare LED Backlit","Intel Core i5 8300H","8 GB DDR4 2666 MHz","NVIDIA Geforce GTX 1050 4 GB","Windows 10 64Bit","2.2 Kg","https://fptshop.com.vn//may-tinh-xach-tay/Asus-TUF-FX504GD-E4571Ti5-8300H"
"Asus TUF FX504GE-EN047T/i7-8750","26.990.000₫","https://images.fpt.shop/unsafe/fit-in/240x215/filters:quality(90):fill(white)/cdn.fptshop.com.vn/Uploads/Originals/2018/4/17/636595538963218134_ASUS-TUF-FX504.png","15.6 inchs (16:9) FHD (1920x1080) 120Hz Anti-Glare Panel 94% NTSC","Intel Core i7 i7-8750H","8 GB DDR4 2400 MHz","NVIDIA GeForce GTX1050Ti 4 GB DDR5","Windows 10 Home Single Language 64 bit","2.27 kg","https://fptshop.com.vn//may-tinh-xach-tay/asus-tuf-fx504ge-en047ti7-8750"
"Asus Vivobook X507UA-EJ736T/Core i3-7020U/4GB/256G SSD/WIN10","10.890.000₫","https://images.fpt.shop/unsafe/fit-in/240x215/filters:quality(90):fill(white)/cdn.fptshop.com.vn/Uploads/Originals/2018/3/28/636578276358777570_Asus-X507UA-BR167T.png","15.6 inchs Không","Intel Core i3 7020U","4 GB DDR4 2400 MHz","Intel® HD graphics 520 Shared ","Windows 10 Home SL 64"," 1.8Kg","https://fptshop.com.vn//may-tinh-xach-tay/asus-vivobook-x507ua-ej736t-core-i3-7020u"
"Asus Vivobook X407UA-BV488T/i3-7020U/4G+16GB Optane/1TB/WIN10","10.690.000₫","https://images.fpt.shop/unsafe/fit-in/240x215/filters:quality(90):fill(white)/cdn.fptshop.com.vn/Uploads/Originals/2018/11/15/636778725653892825_Asus-Vivobook-X407UA.png","14.0 inchs Anti - Glare","Intel Core i3 7020U","4GB + 16GB Optane DDR4 2400 MHz","Intel HD Graphics Shared ","Windows 10 Home"," 1.55 KG","https://fptshop.com.vn//may-tinh-xach-tay/asus-vivobook-x407ua-bv488t"
"Asus Vivobook X507MA-BR211T/Pentium N5000","7.690.000₫","https://images.fpt.shop/unsafe/fit-in/240x215/filters:quality(90):fill(white)/cdn.fptshop.com.vn/Uploads/Originals/2018/3/28/636578276358777570_Asus-X507UA-BR167T.png","15.6 inchs Anti-Glare LED Backlit","Intel Pentium N5000","4 GB DDR4 2400 MHz","Intel UHD Graphics 605 Shared","Windows 10 64bit","1.75 Kg","https://fptshop.com.vn//may-tinh-xach-tay/asus-vivobook-x507ma-br211t-pentium-n5000"
"Asus Vivobook S430UA-EB099T/Core i5-8250U","16.390.000₫","https://images.fpt.shop/unsafe/fit-in/240x215/filters:quality(90):fill(white)/cdn.fptshop.com.vn/Uploads/Originals/2018/9/4/636716692813199993_Asus-S13-14.png","14.0 inchs FHD Anti-Glare","Intel Core i5 8250U","4 GB DDR4 2400 MHz","Intel UHD Graphics 620 Shared","Windows 10 (64bit)","1.40 Kg","https://fptshop.com.vn//may-tinh-xach-tay/asus-vivobook-s430ua-eb099t-core-i5-8250u"
"Asus Vivobook S530UA-BQ072T/Core i3-8130U","13.390.000₫","https://images.fpt.shop/unsafe/fit-in/240x215/filters:quality(90):fill(white)/cdn.fptshop.com.vn/Uploads/Originals/2018/9/4/636716713669065969_Asus-S15.png","15.6 inchs FHD Anti-Glare","Intel Core i3 8130U","4 GB DDR4 2400 MHz","Intel UHD Graphics 620 Shared","Windows 10 (64bit)","1.79 Kg","https://fptshop.com.vn//may-tinh-xach-tay/asus-vivobook-s530ua-bq072t-core-i3-8130u"
"Asus Vivobook S530UA-BQ100T/Core i5 8250U","16.690.000₫","https://images.fpt.shop/unsafe/fit-in/240x215/filters:quality(90):fill(white)/cdn.fptshop.com.vn/Uploads/Originals/2018/9/4/636716713669065969_Asus-S15.png","15.6 inchs FHD WV 250nits Anti-Glare NTSC 45%","Intel Core i5 8250U","4 GB DDR4 2400 MHz","Intel UHD Graphics 620 Shared","Windows 10 Home Single Language 64 bit","1.79 Kg","https://fptshop.com.vn//may-tinh-xach-tay/asus-vivobook-s530ua-bq100t-core-i5-8250u"
"Asus Vivobook S530UN-BQ026T/Core i5 8250U","18.090.000₫","https://images.fpt.shop/unsafe/fit-in/240x215/filters:quality(90):fill(white)/cdn.fptshop.com.vn/Uploads/Originals/2018/9/4/636716713669065969_Asus-S15.png","15.6 inchs FHD WV 250nits Anti-Glare NTSC 45%","Intel Core i5 8250U","4 GB DDR4 2400MHz","NVIDIA GeForce MX150 2 GB_GDDR5","Windows 10 Home Single Language 64 bit","1.79 Kg","https://fptshop.com.vn//may-tinh-xach-tay/asus-vivobook-s530un-bq026t-core-i5-8250u"
"Asus ZenBook FLIP UX461UA-E1147T/i5-8250U/4GB/256GB SSD/PEN/WIN10","20.290.000₫","https://images.fpt.shop/unsafe/fit-in/240x215/filters:quality(90):fill(white)/cdn.fptshop.com.vn/Uploads/Originals/2018/11/21/636784190476009358_Asus-flip-ux461.png","14.0 inchs IPS FHD","Intel Core i5 8250U","4 GB DDR4 2133 MHz","Intel® UHD Graphics 620 Shared ","Windows 10 Home SL 64","1.49 kg","https://fptshop.com.vn//may-tinh-xach-tay/asus-zenbook-flip-ux461ua-e1147t"
"Asus Zenbook UX331UN-EG129TS/i5-8250U","21.790.000₫","https://images.fpt.shop/unsafe/fit-in/240x215/filters:quality(90):fill(white)/cdn.fptshop.com.vn/Uploads/Originals/2018/8/22/636705290513957859_Zenbook-UX331UN.png","13.3 inchs FullHD Anti-Glare","Intel Core™ i5 8250U ","8 GB LPDDR3 1866 MHz","NVIDIA GEFORCE MX150  2 GB","Windows 10 (64bit)","1.12 Kg","https://fptshop.com.vn//may-tinh-xach-tay/asus-zenbook-ux331un-eg129ts-i5-8250u"
"Asus X542UA-GO1136T/Core i5-8250U","12.690.000₫","https://images.fpt.shop/unsafe/fit-in/240x215/filters:quality(90):fill(white)/cdn.fptshop.com.vn/Uploads/Originals/2018/10/10/636747694110959294_Asus-X542UA.png","15.6 inches HD LED","Intel Core i5 8250U","4 GB DDR4 2133 MHz","Intel UHD Graphics 620 Shared","Windows 10","2.30 Kg","https://fptshop.com.vn//may-tinh-xach-tay/asus-x542ua-go1136t-core-i5-8250u"
"MSI GF63 8RC-203VN/I5-8300H","21.990.000₫","https://images.fpt.shop/unsafe/fit-in/240x215/filters:quality(90):fill(white)/cdn.fptshop.com.vn/Uploads/Originals/2018/7/24/636680365175681802_MSI-GF63-8RD-1.png","15.6 inchs IPS 45% Narrow Bezel ","Intel Core i5 8300H","8 GB DDR4 2666 MHz","NVIDIA GeForce GTX 1050 4 GB GDDR5","Windows 10","1.86 Kg","https://fptshop.com.vn//may-tinh-xach-tay/msi-gf63-8rc-230vn-i5-8300h"
"MSI GF63 8RD-218VN/i7-8750H","25.490.000₫","https://images.fpt.shop/unsafe/fit-in/240x215/filters:quality(90):fill(white)/cdn.fptshop.com.vn/Uploads/Originals/2018/7/24/636680365175681802_MSI-GF63-8RD-1.png","15.6 inchs 60Hz IPS 45% Narrow Bezel ","Intel Core i7 8750H","8 GB DDR4 2666 MHz","NVIDIA GeForce GTX 1050Ti 4 GB","Windows 10 Home ","1.86 Kg","https://fptshop.com.vn//may-tinh-xach-tay/msi-gf63-8rd-218vn-i7-8750h"
"MSI PS42 8M-296VN/i5-8250U","20.990.000₫","https://images.fpt.shop/unsafe/fit-in/240x215/filters:quality(90):fill(white)/cdn.fptshop.com.vn/Uploads/Originals/2018/9/4/636716674080294712_MSI-PS42-8M.png","14.0 inchs IPS 72% Narrow Bezel ","Intel Core i5 8250U","8 GB DDR4 2666 MHz","UMA Share","Windows10 Home ","1.18 Kg","https://fptshop.com.vn//may-tinh-xach-tay/msi-ps42-8m-296vn-i5-8250u"
"MSI GF63 8RD-447VN/i7-8750H/8GB+16GB Optane/1TB/GTX1050TI 4GB/WIN10","25.890.000₫","https://images.fpt.shop/unsafe/fit-in/240x215/filters:quality(90):fill(white)/cdn.fptshop.com.vn/Uploads/Originals/2018/11/15/636778748543356333_MSI-GF63-8RD-447VN.png","15.6 inchs IPS FHD","Intel Core i7 8750H","8GB + 16GB Optane DDR4 2666 MHz","GeForce® GTX 1050 Ti 4 GB","Windows 10 Home","1.86 kg","https://fptshop.com.vn//may-tinh-xach-tay/msi-gf63-8rd-447vn-i7-8750h"
"MSI GF63 8RC-452VN/CORE I5-8300H/8GB+16GB Optane/1TB/1050 4GB/WIN10","22.390.000₫","https://images.fpt.shop/unsafe/fit-in/240x215/filters:quality(90):fill(white)/cdn.fptshop.com.vn/Uploads/Originals/2018/7/24/636680365175681802_MSI-GF63-8RD-1.png","15.6 inchs IPS FHD","Intel Core i5 8300H","8GB + 16GB Optane DDR4 2666 MHz","NVIDIA GeForce® GTX 1050 4 GB","Windows 10 Home SL 64","1.86 kg","https://fptshop.com.vn//may-tinh-xach-tay/msi-gf63-8rc-452vn-core-i5-8300h"
"Dell Vostro V5568/i5-7200U/4GB/1000GB","14.990.000₫","https://images.fpt.shop/unsafe/fit-in/240x215/filters:quality(90):fill(white)/cdn.fptshop.com.vn/Uploads/Originals/2018/11/26/636788223886436546_Dell-V5568-Silver.png","15.6 inchs Anti - Glare","Intel Core i5 7200U","4 GB DDR4 2400 MHz","Intel HD 620 Graphics Shared ","Ubuntu","~2 Kg","https://fptshop.com.vn//may-tinh-xach-tay/dell-vostro-v5568-core-i5-7200u"
"Dell Ins N3567","11.190.000₫","https://images.fpt.shop/unsafe/fit-in/240x215/filters:quality(90):fill(white)/cdn.fptshop.com.vn/Uploads/Originals/2018/5/22/636625867372758513_Dell-N3567.png","15.6 inch  HD LED"," Intel Core i3 6006U","4 GB DDR3L 1600 Mhz","AMD R5 430 DDR3 2 GB"," Free DOS","2.3 Kg","https://fptshop.com.vn//may-tinh-xach-tay/dell-n3567"
"Dell N5570A","24.690.000₫","https://images.fpt.shop/unsafe/fit-in/240x215/filters:quality(90):fill(white)/cdn.fptshop.com.vn/Uploads/Originals/2018/1/24/636523989448777180_Dell-N5570 1.png","15.6 inch FHD non-touch Anti Glare LED Backlit Display","Intel Core i7 8550U","8 GB DDR4 2400 MHz","AMD Radeon 530 4GB GDDR5","Windows 10","2.2 Kg","https://fptshop.com.vn//may-tinh-xach-tay/Dell-N5570A"
"Dell INS N5379","22.990.000₫","https://images.fpt.shop/unsafe/fit-in/240x215/filters:quality(90):fill(white)/cdn.fptshop.com.vn/Uploads/Originals/2018/1/31/636530165324640184_Dell-Ins-N5379.png","13.3 inchs WLED touch screen IPS ","Intel Core i5 8250U","8 GB DDR4 2400 MHz","intel UHD Graphics 620  Shared","Windows 10 Home Single Language 64-BIT","1.63 Kg","https://fptshop.com.vn//may-tinh-xach-tay/Dell-INS-N5379"
"Dell Ins N7370/Core i7-8550U","26.990.000₫","https://images.fpt.shop/unsafe/fit-in/240x215/filters:quality(90):fill(white)/cdn.fptshop.com.vn/Uploads/Originals/2017/11/22/636469427023883673_Dell-Ins-N7370.png","13.3 inchs IPS FHD","Intel Core i7 8550U","8 GB DDR4 2400 MHz","Intel UHD Graphics 620  Shared","Windows 10 Home Single Language 64-BIT","1.42 Kg","https://fptshop.com.vn//may-tinh-xach-tay/Dell-Ins-13-7370-core-i7-8550u"
"Dell Vostro 5471","17.990.000₫","https://images.fpt.shop/unsafe/fit-in/240x215/filters:quality(90):fill(white)/cdn.fptshop.com.vn/Uploads/Originals/2018/2/1/636530775208517587_Dell-Vostro-5471.png","14.0 inchs Anti-glare LED-backlit display","Intel Core i5 8250U ","4 GB DDR4 2400 MHz","Intel(R) HD Graphics 620 Shared","Windows 10 Home Single Language English ","1.669 Kg","https://fptshop.com.vn//may-tinh-xach-tay/Dell-Vostro-5471"
"Dell N5370A","19.190.000₫","https://images.fpt.shop/unsafe/fit-in/240x215/filters:quality(90):fill(white)/cdn.fptshop.com.vn/Uploads/Originals/2017/11/22/636469427023883673_Dell-Ins-N7370.png","13.3 inch FHD non-touch Anti-glare LED-Backlit Display","Intel Core i5 8250U","4 GB DDR4 2400 MHz","Intel UHD Graphics 620 Shared system memory","Windows 10","1.41 Kg","https://fptshop.com.vn//may-tinh-xach-tay/Dell-N5370A"
"Dell Inspiron N7588","29.790.000₫","https://images.fpt.shop/unsafe/fit-in/240x215/filters:quality(90):fill(white)/cdn.fptshop.com.vn/Uploads/Originals/2018/7/2/636661251067964123_7588.png","15.6 inchs IPS FHD","Intel Core i7 8750H","8 GB DDR4 2400 MHz","NVIDIA GeForce GTX 1050 Ti 4 GB","Dos","2.70 Kg","https://fptshop.com.vn//may-tinh-xach-tay/dell-inspiron-n7588"
"Dell XPS15/i7-8750H","52.990.000₫","https://images.fpt.shop/unsafe/fit-in/240x215/filters:quality(90):fill(white)/cdn.fptshop.com.vn/Uploads/Originals/2018/6/14/636645880857584545_Xps-13.jpg","15.6 inchs InfinityEdge display","Intel  Core i7 8750H","16 GB DDR4 2666 MHz","NVIDIA GEFORCE GTX 1050 4GB GDDR5 4 GB","Windows 10 Home Plus","1.80 Kg","https://fptshop.com.vn//may-tinh-xach-tay/dell-xps15-i7-8750h"
"Dell N7588B","41.290.000₫","https://images.fpt.shop/unsafe/fit-in/240x215/filters:quality(90):fill(white)/cdn.fptshop.com.vn/Uploads/Originals/2018/7/2/636661251067964123_7588.png","15.6 inchs IPS Anti-Glare LED-Backlit Display","Intel Core i7 8750H","16 GB (2 x 8 GB) DDR4 2666 MHz","NVIDIA GeForce GTX 1060  6 GB GDDR5 ","Windows 10 Home ","2.70 Kg","https://fptshop.com.vn//may-tinh-xach-tay/dell-n7588b"
"Dell N7588A","32.790.000₫","https://images.fpt.shop/unsafe/fit-in/240x215/filters:quality(90):fill(white)/cdn.fptshop.com.vn/Uploads/Originals/2018/7/2/636661251067964123_7588.png","15.6 inchs IPS Anti-Glare LED-Backlit Display","Intel Core i7 8750H","8 GB DDR4 2666 MHz","NVIDIA GeForce GTX 1050 Ti 4GB GDDR5 ","Windows 10 Home ","2.70 Kg","https://fptshop.com.vn//may-tinh-xach-tay/dell-n7588a"
"Dell Vostro 3568/Core i3-7020U/VTI32072W","11.590.000₫","https://images.fpt.shop/unsafe/fit-in/240x215/filters:quality(90):fill(white)/cdn.fptshop.com.vn/Uploads/Originals/2017/7/14/636356276772677789_Dell-V3568.png","15.6 inches Anti-Glare LED-Backlit Display","Intel Core i3 7020U ","4 GB DDR4 2400 MHz","Intel® UHD Graphics 620 Shared","Windows 10 Home Single Language English","2.18 Kg","https://fptshop.com.vn//may-tinh-xach-tay/dell-vostro-3568-core-i3-7020u-vti32072w"
"Dell Vostro V5471/i7-8550U","27.490.000₫","https://images.fpt.shop/unsafe/fit-in/240x215/filters:quality(90):fill(white)/cdn.fptshop.com.vn/Uploads/Originals/2018/7/12/636670012944985307_Dell-Vostro-V5471.png","14.0 inchs Anti-Glare LED-Backlit Display","Intel  Core i7 8550U","8GB DDR4 2400 MHz","AMD Radeon 530 4 GB GDDR5","Windows 10 Home Plus Single Language English","1.685 Kg","https://fptshop.com.vn//may-tinh-xach-tay/dell-vostro-v5471-i7-8550u"
"Dell XPS13 9370","44.990.000₫","https://images.fpt.shop/unsafe/fit-in/240x215/filters:quality(90):fill(white)/cdn.fptshop.com.vn/Uploads/Originals/2018/6/14/636645880857584545_Xps-13.jpg","13.3‐inchs  FullHD InfinityEdge display","Intel Core i7 8550U","8 GB LPDDR3 1866 MHz","Intel UHD Graphics 620  Shared","Windows 10 Home Single Language 64-BIT","1.21 Kg","https://fptshop.com.vn//may-tinh-xach-tay/dell-xps13-9370"
"Dell Inspiron 5570","17.990.000₫","https://images.fpt.shop/unsafe/fit-in/240x215/filters:quality(90):fill(white)/cdn.fptshop.com.vn/Uploads/Originals/2018/1/22/636522270202372028_Dell-N5570.png","15.6 Inches WLED ","Intel  Core i5  8250U","4 GB DDR4 2400 MHz","AMD Radeon 530 2 GB","Windows 10 Home 64-Bit ","2.33 Kg","https://fptshop.com.vn//may-tinh-xach-tay/Dell-Inspiron-5570"
"Vostro 3468/Core i3-7020U/4Gb/1000Gb/Win 10","11.990.000₫","https://images.fpt.shop/unsafe/fit-in/240x215/filters:quality(90):fill(white)/cdn.fptshop.com.vn/Uploads/Originals/2018/1/15/636516228204780888_Dell-Vostro-3468.png","14.0 inchs Anti - Glare","Intel Core i3 7020U","4 GB DDR4 2400 MHz","Intel® HD Graphics 620 Shared ","Windows 10 Home","1.95 kg","https://fptshop.com.vn//may-tinh-xach-tay/vostro-3468-core-i3-7020Uu-4gb"
"Dell Ins N5370/Core i3-8130U/4GB/128GB SSD","15.690.000₫","https://images.fpt.shop/unsafe/fit-in/240x215/filters:quality(90):fill(white)/cdn.fptshop.com.vn/Uploads/Originals/2017/11/22/636469427023883673_Dell-Ins-N7370.png","13.3 inchs Anti -glare LED-Backlit Display","Intel Core i3 8130U","4 GB DDR4 2400 MHz","Intel UHD Graphics 620 Shared ","Win 10 Home Single Language English","1.72 Kg","https://fptshop.com.vn//may-tinh-xach-tay/dell-ins-n5370core-i3-8130u4gb128gb-ssd"
"Dell Inspiron N3476/i5-8250U/4GB/1000GB/DVDRW/Intel HD 620","12.890.000₫","https://images.fpt.shop/unsafe/fit-in/240x215/filters:quality(90):fill(white)/cdn.fptshop.com.vn/Uploads/Originals/2018/10/4/636742490546466954_Dell-Inspiron-N3476-1.png","14.0 inches Anti-Glare LED-Backlit Display","Intel Core i5 8250U","4 GB DDR4 2400 MHZ","Intel® UHD Graphics 620 Shared","Ubuntu","1.95 Kg","https://fptshop.com.vn//may-tinh-xach-tay/dell-inspiron-n3476i5-8250u4gb1000gbdvdrwintel-hd-620"
"Dell Inspiron N5570/Core i5-8250U/4GB/1TB/AMD R5 530/Windows 10","17.990.000₫","https://images.fpt.shop/unsafe/fit-in/240x215/filters:quality(90):fill(white)/cdn.fptshop.com.vn/Uploads/Originals/2018/1/24/636523989448777180_Dell-N5570 1.png","15.6 inchs FHD","Intel Core i5 8250U","4 GB DDR4  2400 MHz","AMD Radeon 530 2 GB","Windows 10 Home 64-Bit ","2.33 Kg","https://fptshop.com.vn//may-tinh-xach-tay/dell-inspiron-n5570-core-i5-8250u-4gb-1tb-amd-r5-530-windows-10"
"Dell Vostro V5568/i5-7200U (2.5GHz)","14.990.000₫","https://images.fpt.shop/unsafe/fit-in/240x215/filters:quality(90):fill(white)/cdn.fptshop.com.vn/Uploads/Originals/2017/7/13/636355546793063031_Dell-Vostro-V5568-i5-7200U-Win10.png","15.6-inch HD   Anti-Glare LED-Backlit Display","Intel(R) Core i5 7200U","4GB DDR4 2400MHz","Intel(R) HD 620 Graphics Share","Ubuntu Linux 16.04","2 Kg ","https://fptshop.com.vn//may-tinh-xach-tay/dell-vostro-v5568i5-7200u-25ghz"
"Dell Vostro 3468/Core i3-7020U","10.990.000₫","https://images.fpt.shop/unsafe/fit-in/240x215/filters:quality(90):fill(white)/cdn.fptshop.com.vn/Uploads/Originals/2017/7/11/636353802598528548_Dell-V3468.png","14.0 inchs Anti-Glare LED-Backlit Display","Intel  Core i3 7020U","4 GB DDR4 2400 MHz","Intel® HD Graphics 620 Shared","Ubuntu Linux 16.04","1.95 Kg","https://fptshop.com.vn//may-tinh-xach-tay/dell-vostro-3468-core-i3-7020U"
"Dell Inspiron N3567S","10.590.000₫","https://images.fpt.shop/unsafe/fit-in/240x215/filters:quality(90):fill(white)/cdn.fptshop.com.vn/Uploads/Originals/2018/5/22/636625937978240094_N3576.png","15.6 inchs HD Anti-Glare LED-Backlit Display","Intel Core i3 7020U","4 GB DDR4 2133 MHz","Intel HD Graphics 620 Shared","Ubuntu","2.30 Kg","https://fptshop.com.vn//may-tinh-xach-tay/dell-inspiron-n3576s"
"Dell Vostro V3578","13.990.000₫","https://images.fpt.shop/unsafe/fit-in/240x215/filters:quality(90):fill(white)/cdn.fptshop.com.vn/Uploads/Originals/2018/5/7/636612854975079854_Dell-Vostro-3578A.png","15.6 inches Anti-glare LED-backlit display","intel core i5 8250U","4 GB DDR4 2400 MHz","Intel UHD Graphics 620  Shared","Ubuntu","2.25 Kg","https://fptshop.com.vn//may-tinh-xach-tay/dell-vostro-v3578"
"Dell Inspiron N3467/M20NR3","10.190.000₫","https://images.fpt.shop/unsafe/fit-in/240x215/filters:quality(90):fill(white)/cdn.fptshop.com.vn/Uploads/Originals/2017/7/11/636353840155341883_Dell-Ins-N3467-i5-7200U.png","14.0 inchs Anti-glare LED-backlit","intel core i3 7020U","4GB DDR4 2400 MHz","Intel HD Graphics 620 Shared","Ubuntu","1.98 Kg","https://fptshop.com.vn//may-tinh-xach-tay/dell-inspiron-n3467-m20nr3"
"Dell Vostro 3578","18.690.000₫","https://images.fpt.shop/unsafe/fit-in/240x215/filters:quality(90):fill(white)/cdn.fptshop.com.vn/Uploads/Originals/2018/5/7/636612854975079854_Dell-Vostro-3578A.png","15.6 inchs Anti-Glare LED-backlit","Intel Core i7 8550U","8 GB DDR4 2400 MHz","AMD Radeon 520 2 GB","Ubuntu 16.04","2.30 Kg","https://fptshop.com.vn//may-tinh-xach-tay/dell-vostro-3578"
"Dell Inspiron N3576/i5-8250U","14.690.000₫","https://images.fpt.shop/unsafe/fit-in/240x215/filters:quality(90):fill(white)/cdn.fptshop.com.vn/Uploads/Originals/2018/5/22/636625859222021285_N3576.png","15.6 inch Anti-Glare LED-Blacklit","Intel  Core i5 8250U","4 GB DDR4 2400 MHz","AMD Radeon 520 2 GB","Ubuntu","2.3 Kg","https://fptshop.com.vn//may-tinh-xach-tay/Dell-Inspiron-N3576i5-8250U"
"Dell Vostro 3578A","15.390.000₫","https://images.fpt.shop/unsafe/fit-in/240x215/filters:quality(90):fill(white)/cdn.fptshop.com.vn/Uploads/Originals/2018/5/7/636612854975079854_Dell-Vostro-3578A.png","15.6 inchs Anti Glare LED Backlit Display","Intel Core I5  8250U","4 GB DDR4 2400 MHz","AMD Radeon 520 2 GB","Ubuntu","2.2 Kg","https://fptshop.com.vn//may-tinh-xach-tay/Dell-Vostro-3578A"
"Dell Ins N3467/i5-7200U","12.990.000₫","https://images.fpt.shop/unsafe/fit-in/240x215/filters:quality(90):fill(white)/cdn.fptshop.com.vn/Uploads/Originals/2017/7/11/636353840155341883_Dell-Ins-N3467-i5-7200U.png","14 inch Anti-Glare LED-Backlit Display","Intel Core i5 7200U","4 GB DDR4 2133 MHz","Intel HD Graphics 620 Share"," Free DOS","2.1 Kg","https://fptshop.com.vn//may-tinh-xach-tay/dell-ins-n3467i5-7200u"
"Dell Vostro 3568","10.990.000₫","https://images.fpt.shop/unsafe/fit-in/240x215/filters:quality(90):fill(white)/cdn.fptshop.com.vn/Uploads/Originals/2017/7/14/636356276772677789_Dell-V3568.png","15.6 inchs Anti-Glare LED-Backlit Display","Intel Core i3 6006U ","4 GB DDR4 2400 MHz","Intel HD Graphics 520 Shared","DOS free OS","2.3 Kg","https://fptshop.com.vn//may-tinh-xach-tay/Dell-Vostro-3568"
"Dell V3468/Core i5-7200U","13.190.000₫","https://images.fpt.shop/unsafe/fit-in/240x215/filters:quality(90):fill(white)/cdn.fptshop.com.vn/Uploads/Originals/2017/7/11/636353802598528548_Dell-V3468.png","14.0 inch HD LED"," Intel Core i5 7200U","4 GB DDR4 2400MHz","Intel(R) HD Graphics Share","Ubuntu Linux 16.04","1,95 kg","https://fptshop.com.vn//may-tinh-xach-tay/dell-v3468core-i5-7200u"
